{"score_true_label_n01": 0.41216830410493926, "score_predicted": 0.2674972615549758, "score_predicted_n01": 0.39249130467562504, "score_true_label": 0.2931761847592183, "score_predicted_nmin": 0.2835315970872311, "score_true_label_nmin": 0.18181307594227544, "true_label": "28", "predicted": "25"}