l1,l2,e1,e2,metric1,metric2
0.3188698942972726,0.8140414981077907,0.5138764547896151,0.9498657117278424,-0.4951716038105181,-0.4359892569382273
0.23335336210192822,0.9547713989184465,0.5488340978593272,0.8641373598369011,-0.7214180368165183,-0.31530326197757386
0.39546787258361077,0.8618496248074343,0.5806029285099052,0.8890956072351421,-0.46638175222382355,-0.3084926787252369
0.18066908870723586,0.8589918256130791,0.441007871321013,0.8576745379876797,-0.6783227369058432,-0.4166666666666667
