{"score_true_label_n01": 0.4347026475807631, "score_predicted": 0.3098512103107579, "score_predicted_n01": 0.40309434567497815, "score_true_label": 0.2958082897352759, "score_predicted_nmin": 0.2747016802840244, "score_true_label_nmin": -2.272948856118432, "true_label": "35", "predicted": "31"}